uri,lang,isDuplicate,date,time,dateTime,dateTimePub,dataType,sim,url,title,body,source,authors,concepts,categories,links,videos,image,originalArticle,storyUri,eventUri,location,extractedDates,shares,sentiment,wgt,relevance,category,sub-category
8692425298,eng,False,2025-05-24,00:46:35,2025-05-24T00:46:35Z,2025-05-23T23:59:00Z,news,0.7490196228027344,https://www.straitstimes.com/world/united-states/white-house-national-security-council-slashes-staff-in-dramatic-restructuring-sources,White House National Security Council slashes staff in dramatic restructuring: Sources,"WASHINGTON - A restructuring of the White House National Security Council got under way on May 23, as President Donald Trump moved to slash the size and scope of the once-powerful body, five sources briefed on the matter said.

Staff dealing with a variety of major geopolitical issues, from Ukraine to Kashmir, were sent termination notices in the afternoon, said the sources, who requested anonymity as they were not permitted to speak to the media.

The move came just weeks after Secretary of State Marco Rubio took over from Mr Mike Waltz as national security adviser. The NSC declined to comment.

The NSC restructuring is expected to further reduce the agency's influence, transforming it from a powerful policymaking body into a small organisation focused more on implementing the president's agenda than on shaping it, the sources said.

In practice, the move is expected to grant more authority to the State Department, the Defence Department and other departments and agencies involved in diplomacy, national security and intelligence matters, the sources said.

The administration's aim is to reduce the size of the NSC to just a few dozen people. Four sources with knowledge of the plans said they expect the final headcount at the NSC to come out to around 50 people.

The NSC is traditionally the main body used by presidents to coordinate national security strategy. Its staff often make key decisions regarding America's approach to the world's most volatile conflicts and play a key role in keeping America safe.

The body had more than 300 staffers under Democratic President Joe Biden, but even before the recent firings under Mr Trump was well less than half the size of Mr Biden's NSC. The NSC staffers who are cut from the agency will be moved to other positions in government, two of the sources told Reuters.

Many conservatives have long pushed for a pared-down NSC, arguing that a number of the positions are duplicative of functions found elsewhere in the government.

The NSC has had a hard time recruiting top talent in recent months. Certain key positions, like the top post overseeing Latin American affairs, were never filled on a permanent basis.

Several high-ranking staffers were fired earlier in the year after right-wing conspiracy theorist Laura Loomer presented Mr Trump with a list of national security staffers she perceived to be disloyal.

Disclosures that Mr Waltz, the previous national security adviser, had accidentally shared information on an imminent bombing campaign in Yemen with an Atlantic journalist further dented morale.

As part of the restructuring, certain sections of the NSC - known as directorates - are expected to be combined with other directorates or eliminated altogether, three sources said. In most of the directorates that remain, only a few staff are left, the sources added.

Among the directorates that may cease to operate as independent bodies are those overseeing African affairs and multilateral organizations, like Nato, three sources said. REUTERS","{'uri': 'straitstimes.com', 'dataType': 'news', 'title': 'The Straits Times'}",[],"[{'uri': 'http://en.wikipedia.org/wiki/United_States_National_Security_Council', 'type': 'wiki', 'score': 5, 'label': {'eng': 'United States National Security Council'}}, {'uri': 'http://en.wikipedia.org/wiki/Donald_Trump', 'type': 'person', 'score': 4, 'label': {'eng': 'Donald Trump'}}, {'uri': 'http://en.wikipedia.org/wiki/Michael_Waltz', 'type': 'person', 'score': 3, 'label': {'eng': 'Michael Waltz'}}, {'uri': 'http://en.wikipedia.org/wiki/National_Security_Advisor_(United_States)', 'type': 'wiki', 'score': 3, 'label': {'eng': 'National Security Advisor (United States)'}}, {'uri': 'http://en.wikipedia.org/wiki/Geopolitics', 'type': 'wiki', 'score': 3, 'label': {'eng': 'Geopolitics'}}, {'uri': 'http://en.wikipedia.org/wiki/Marco_Rubio', 'type': 'person', 'score': 3, 'label': {'eng': 'Marco Rubio'}}, {'uri': 'http://en.wikipedia.org/wiki/National_security', 'type': 'wiki', 'score': 3, 'label': {'eng': 'National security'}}, {'uri': 'http://en.wikipedia.org/wiki/United_States_Secretary_of_State', 'type': 'wiki', 'score': 3, 'label': {'eng': 'United States Secretary of State'}}, {'uri': 'http://en.wikipedia.org/wiki/Washington_(state)', 'type': 'loc', 'score': 3, 'label': {'eng': 'Washington (state)'}, 'location': {'type': 'place', 'label': {'eng': 'Washington (state)'}, 'country': {'type': 'country', 'label': {'eng': 'United States'}}}}, {'uri': 'http://en.wikipedia.org/wiki/Ukraine', 'type': 'loc', 'score': 3, 'label': {'eng': 'Ukraine'}, 'location': {'type': 'country', 'label': {'eng': 'Ukraine'}}}, {'uri': 'http://en.wikipedia.org/wiki/United_States_Department_of_Defense', 'type': 'wiki', 'score': 2, 'label': {'eng': 'United States Department of Defense'}}, {'uri': 'http://en.wikipedia.org/wiki/Joe_Biden', 'type': 'person', 'score': 2, 'label': {'eng': 'Joe Biden'}}, {'uri': 'http://en.wikipedia.org/wiki/Diplomacy', 'type': 'wiki', 'score': 2, 'label': {'eng': 'Diplomacy'}}, {'uri': 'http://en.wikipedia.org/wiki/Democratic_Party_(United_States)', 'type': 'org', 'score': 2, 'label': {'eng': 'Democratic Party (United States)'}}, {'uri': 'http://en.wikipedia.org/wiki/United_States_Department_of_State', 'type': 'wiki', 'score': 2, 'label': {'eng': 'United States Department of State'}}, {'uri': 'http://en.wikipedia.org/wiki/Laura_Loomer', 'type': 'person', 'score': 1, 'label': {'eng': 'Laura Loomer'}}, {'uri': 'http://en.wikipedia.org/wiki/Independent_politician', 'type': 'org', 'score': 1, 'label': {'eng': 'Independent politician'}}, {'uri': 'http://en.wikipedia.org/wiki/Right-wing_politics', 'type': 'wiki', 'score': 1, 'label': {'eng': 'Right-wing politics'}}, {'uri': 'http://en.wikipedia.org/wiki/Conservatism_in_the_United_States', 'type': 'wiki', 'score': 1, 'label': {'eng': 'Conservatism in the United States'}}, {'uri': 'http://en.wikipedia.org/wiki/Latin_America', 'type': 'loc', 'score': 1, 'label': {'eng': 'Latin America'}, 'location': None}, {'uri': 'http://en.wikipedia.org/wiki/Conspiracy_theory', 'type': 'wiki', 'score': 1, 'label': {'eng': 'Conspiracy theory'}}, {'uri': 'http://en.wikipedia.org/wiki/Reuters', 'type': 'wiki', 'score': 1, 'label': {'eng': 'Reuters'}}, {'uri': 'http://en.wikipedia.org/wiki/Yemen', 'type': 'loc', 'score': 1, 'label': {'eng': 'Yemen'}, 'location': {'type': 'country', 'label': {'eng': 'Yemen'}}}]","[{'uri': 'dmoz/Society/Issues', 'label': 'dmoz/Society/Issues', 'wgt': 100}, {'uri': 'dmoz/Society/Issues/Terrorism', 'label': 'dmoz/Society/Issues/Terrorism', 'wgt': 100}, {'uri': 'dmoz/Society/Issues/Warfare_and_Conflict', 'label': 'dmoz/Society/Issues/Warfare and Conflict', 'wgt': 100}, {'uri': 'dmoz/Society/Crime/Theft', 'label': 'dmoz/Society/Crime/Theft', 'wgt': 100}, {'uri': 'dmoz/Society/Issues/Government_Operations', 'label': 'dmoz/Society/Issues/Government Operations', 'wgt': 100}, {'uri': 'news/Politics', 'label': 'news/Politics', 'wgt': 91}]","['https://www.straitstimes.com/world/united-states/trumps-national-security-advisor-waltz-leaving-post-us-media', 'https://t.me/TheStraitsTimes']",[],https://cassette.sphdigital.com.sg/image/straitstimes/60c0f32ff33d9a7b58f0d1299bfb206f98345e2c60b9d9d688ae203e657df257,,eng-10637446,eng-10637446,"{'type': 'place', 'label': {'eng': 'Washington (state)'}, 'country': {'type': 'country', 'label': {'eng': 'United States'}}}","[{'amb': False, 'imp': True, 'date': '2025-05-23', 'textStart': 91, 'textEnd': 97}]",{},0.2156862745098038,0,26,geopolitics,security
8692425299,eng,False,2025-05-24,00:46:30,2025-05-24T00:46:30Z,2025-05-23T19:01:12Z,news,0.945098042488098,https://www.straitstimes.com/world/top-us-diplomat-in-havana-promises-more-sanctions-on-cuba,Top US diplomat in Havana promises more sanctions on Cuba,"HAVANA - The U.S. has more sanctions in store for Cuba, the U.S. top diplomat in Havana said on Friday, just days after the U.S. punished several Cuban judicial officials for their roles in jailing political dissidents on the island nation.

Three Cuban judges and a prosecutor were forbidden from entering the United States on Wednesday, the latest sanctions from the Trump administration, which earlier declared a tough new policy on Cuba.

""The sanctions announced this Wednesday were just the beginning,"" U.S. Embassy chief of mission Mike Hammer told reporters at a press conference in Miami. ""This administration is determined to sanction repressors. There will be consequences for their actions.""

President Donald Trump has already doubled down on sanctions since taking office in January, returning longtime foe Cuba to a U.S. list of State Sponsors of Terrorism, tightening rules on remittances, and shutting off Biden-era migration programs.

The 61-year-old Hammer, a career U.S. diplomat who arrived in Cuba just six months ago, has kept a busy schedule, wandering the country widely as he talks with dissidents, small-business owners and Cubans of all walks of life.

In videos produced by the U.S. embassy and shared on social media, Hammer, who is fluent in Spanish, plays dominoes with a group of children in Camaguey, visits the tomb of Cuban hero Jose Marti in Santiago and speaks with family members of jailed dissidents in homes throughout Cuba.

His travels come as Cubans confront the worst economic downturn in decades, a growing crisis the Cuban government blames on the Cold War-era U.S. embargo, a web of restrictions that impede financial transactions, trade and tourism.

Hammer told reporters on Friday that those Cubans he had spoken with in his travels disagreed that the U.S. was to blame.

""The people recognize that those responsible are the Cuban regime, it has nothing to do with any policy of the United States.""

Those assertions have infuriated the Cuban government, which accuses Hammer of seeking to stir up resentment in a bid to overthrow the island's communist leadership.

""Hammer's comments were not part of a neutral press conference, but rather a carefully orchestrated political operation...designed to position the Trump administration and (Secretary of State) Marco Rubio as though they were 'allies of the Cuban people,'"" said Cuban diplomat Johana Tablada, who deals in U.S.-Cuba relations.

Even so, Cuba has not moved to block Hammer's travels, although it issued a recent warning in state-run media that its ""patience has limits.""

Hammer told reporters he would continue his work on the island.

""What are they scared of? I'm just a simple chief of mission talking with the people,"" he said. REUTERS","{'uri': 'straitstimes.com', 'dataType': 'news', 'title': 'The Straits Times'}",[],"[{'uri': 'http://en.wikipedia.org/wiki/Dissident', 'type': 'wiki', 'score': 5, 'label': {'eng': 'Dissident'}}, {'uri': 'http://en.wikipedia.org/wiki/Economic_sanctions', 'type': 'wiki', 'score': 5, 'label': {'eng': 'Economic sanctions'}}, {'uri': 'http://en.wikipedia.org/wiki/Havana', 'type': 'loc', 'score': 5, 'label': {'eng': 'Havana'}, 'location': {'type': 'place', 'label': {'eng': 'Havana'}, 'country': {'type': 'country', 'label': {'eng': 'Cuba'}}}}, {'uri': 'http://en.wikipedia.org/wiki/Cuba', 'type': 'loc', 'score': 5, 'label': {'eng': 'Cuba'}, 'location': {'type': 'country', 'label': {'eng': 'Cuba'}}}, {'uri': 'http://en.wikipedia.org/wiki/Embassy_of_the_United_States,_Kabul', 'type': 'wiki', 'score': 4, 'label': {'eng': 'Embassy of the United States, Kabul'}}, {'uri': 'http://en.wikipedia.org/wiki/Diplomat', 'type': 'wiki', 'score': 4, 'label': {'eng': 'Diplomat'}}, {'uri': 'http://en.wikipedia.org/wiki/Donald_Trump', 'type': 'person', 'score': 4, 'label': {'eng': 'Donald Trump'}}, {'uri': 'http://en.wikipedia.org/wiki/Miami', 'type': 'loc', 'score': 3, 'label': {'eng': 'Miami'}, 'location': {'type': 'place', 'label': {'eng': 'Miami'}, 'country': {'type': 'country', 'label': {'eng': 'United States'}}}}, {'uri': 'http://en.wikipedia.org/wiki/United_States', 'type': 'loc', 'score': 3, 'label': {'eng': 'United States'}, 'location': {'type': 'country', 'label': {'eng': 'United States'}}}, {'uri': 'http://en.wikipedia.org/wiki/State_Sponsors_of_Terrorism_(U.S._list)', 'type': 'wiki', 'score': 2, 'label': {'eng': 'State Sponsors of Terrorism (U.S. list)'}}, {'uri': 'http://en.wikipedia.org/wiki/Politics_of_Cuba', 'type': 'wiki', 'score': 2, 'label': {'eng': 'Politics of Cuba'}}, {'uri': 'http://en.wikipedia.org/wiki/Great_Recession', 'type': 'wiki', 'score': 2, 'label': {'eng': 'Great Recession'}}, {'uri': 'http://en.wikipedia.org/wiki/José_Martí', 'type': 'person', 'score': 2, 'label': {'eng': 'José Martí'}}, {'uri': 'http://en.wikipedia.org/wiki/Remittance', 'type': 'wiki', 'score': 2, 'label': {'eng': 'Remittance'}}, {'uri': 'http://en.wikipedia.org/wiki/Spanish_language', 'type': 'wiki', 'score': 2, 'label': {'eng': 'Spanish language'}}, {'uri': 'http://en.wikipedia.org/wiki/Social_media', 'type': 'wiki', 'score': 2, 'label': {'eng': 'Social media'}}, {'uri': 'http://en.wikipedia.org/wiki/Santiago', 'type': 'loc', 'score': 2, 'label': {'eng': 'Santiago'}, 'location': {'type': 'place', 'label': {'eng': 'Santiago'}, 'country': {'type': 'country', 'label': {'eng': 'Chile'}}}}, {'uri': 'http://en.wikipedia.org/wiki/Camagüey', 'type': 'loc', 'score': 2, 'label': {'eng': 'Camagüey'}, 'location': {'type': 'place', 'label': {'eng': 'Camagüey'}, 'country': {'type': 'country', 'label': {'eng': 'Cuba'}}}}, {'uri': 'http://en.wikipedia.org/wiki/Cuba–United_States_relations', 'type': 'wiki', 'score': 1, 'label': {'eng': 'Cuba–United States relations'}}, {'uri': 'http://en.wikipedia.org/wiki/United_States_embargo_against_Cuba', 'type': 'wiki', 'score': 1, 'label': {'eng': 'United States embargo against Cuba'}}, {'uri': 'http://en.wikipedia.org/wiki/Marco_Rubio', 'type': 'person', 'score': 1, 'label': {'eng': 'Marco Rubio'}}, {'uri': 'http://en.wikipedia.org/wiki/Communism', 'type': 'wiki', 'score': 1, 'label': {'eng': 'Communism'}}, {'uri': 'http://en.wikipedia.org/wiki/United_States_Secretary_of_State', 'type': 'wiki', 'score': 1, 'label': {'eng': 'United States Secretary of State'}}, {'uri': 'http://en.wikipedia.org/wiki/Tourism', 'type': 'wiki', 'score': 1, 'label': {'eng': 'Tourism'}}, {'uri': 'http://en.wikipedia.org/wiki/Reuters', 'type': 'wiki', 'score': 1, 'label': {'eng': 'Reuters'}}]","[{'uri': 'dmoz/Society/Issues/Warfare_and_Conflict', 'label': 'dmoz/Society/Issues/Warfare and Conflict', 'wgt': 100}, {'uri': 'dmoz/Society/Issues/Immigration', 'label': 'dmoz/Society/Issues/Immigration', 'wgt': 100}, {'uri': 'dmoz/Shopping/Ethnic_and_Regional/Caribbean', 'label': 'dmoz/Shopping/Ethnic and Regional/Caribbean', 'wgt': 100}, {'uri': 'news/Business', 'label': 'news/Business', 'wgt': 49}]",['https://t.me/TheStraitsTimes'],[],https://cassette.sphdigital.com.sg/image/straitstimes/80258d599e2f298b432060a34e9f321122a70f9d2b5d24b6bb7fc562cdba951a,,eng-10637155,eng-10637155,"{'type': 'place', 'label': {'eng': 'Havana'}, 'country': {'type': 'country', 'label': {'eng': 'Cuba'}}}",,{},-0.1137254901960785,0,26,geopolitics,security
8692458795,eng,False,2025-05-24,01:50:10,2025-05-24T01:50:10Z,2025-05-23T22:46:08Z,news,0.7411764860153198,https://www.straitstimes.com/world/europe/kyiv-mayor-says-russian-drones-missiles-trigger-fires-injure-eight,"Kyiv mayor says Russian drones, missiles trigger fires, injure eight","KYIV - Russia attacked Ukraine's capital Kyiv early on May 24 with drones and missiles, triggering fires, strewing debris in districts throughout the city and injuring at least eight people, the city's mayor said.

Reuters witnesses saw and heard successive waves of drones flying over Kyiv, and a series of explosions jolted the city.

Mayor Vitali Klitschko said two residents had required hospital treatment and that air defence units were in action.

Mr Klitschko said fragments from one drone struck the top floor of an apartment building in the Solomyanskyi district on the west bank of the Dnipro River, which bisects the city.

One apartment building was on fire in the area as was one non-residential building.

Mr Timur Tkachenko, head of Kyiv's military administration, said a fire had also broken out on two floors of an apartment building in Dniprovskyi district on the opposite bank.

Officials also reported a fire in Obolon in the city's northern suburbs and fallen debris on a shopping centre in the same area. They said drone fragments hit the ground in a number of other widely separated neighbourhoods.

An air alert remained in effect more than two hours after it was first declared.

The overnight strikes followed several days of Ukrainian drone attacks - some 800 attacks - on targets inside Russia, including capital Moscow.

Russian Foreign Minister Sergei Lavrov had vowed on May 23 to respond to those attacks. REUTERS","{'uri': 'straitstimes.com', 'dataType': 'news', 'title': 'The Straits Times'}",[],"[{'uri': 'http://en.wikipedia.org/wiki/Kyiv', 'type': 'loc', 'score': 5, 'label': {'eng': 'Kyiv'}, 'location': None}, {'uri': 'http://en.wikipedia.org/wiki/Unmanned_aerial_vehicle', 'type': 'wiki', 'score': 5, 'label': {'eng': 'Unmanned aerial vehicle'}}, {'uri': 'http://en.wikipedia.org/wiki/Vitali_Klitschko', 'type': 'person', 'score': 4, 'label': {'eng': 'Vitali Klitschko'}}, {'uri': 'http://en.wikipedia.org/wiki/Mayor', 'type': 'wiki', 'score': 4, 'label': {'eng': 'Mayor'}}, {'uri': 'http://en.wikipedia.org/wiki/Raion', 'type': 'wiki', 'score': 3, 'label': {'eng': 'Raion'}}, {'uri': 'http://en.wikipedia.org/wiki/Missile', 'type': 'wiki', 'score': 3, 'label': {'eng': 'Missile'}}, {'uri': 'http://en.wikipedia.org/wiki/Ukraine', 'type': 'loc', 'score': 3, 'label': {'eng': 'Ukraine'}, 'location': {'type': 'country', 'label': {'eng': 'Ukraine'}}}, {'uri': 'http://en.wikipedia.org/wiki/Russia', 'type': 'loc', 'score': 3, 'label': {'eng': 'Russia'}, 'location': {'type': 'country', 'label': {'eng': 'Russia'}}}, {'uri': 'http://en.wikipedia.org/wiki/Dnieper', 'type': 'wiki', 'score': 2, 'label': {'eng': 'Dnieper'}}, {'uri': 'http://en.wikipedia.org/wiki/Anti-aircraft_warfare', 'type': 'wiki', 'score': 2, 'label': {'eng': 'Anti-aircraft warfare'}}, {'uri': 'http://en.wikipedia.org/wiki/FC_Obolon-Brovar_Kyiv', 'type': 'wiki', 'score': 1, 'label': {'eng': 'FC Obolon-Brovar Kyiv'}}, {'uri': 'http://en.wikipedia.org/wiki/Minister_of_Foreign_Affairs_(Russia)', 'type': 'wiki', 'score': 1, 'label': {'eng': 'Minister of Foreign Affairs (Russia)'}}, {'uri': 'http://en.wikipedia.org/wiki/Sergey_Lavrov', 'type': 'person', 'score': 1, 'label': {'eng': 'Sergey Lavrov'}}, {'uri': 'http://en.wikipedia.org/wiki/Reuters', 'type': 'wiki', 'score': 1, 'label': {'eng': 'Reuters'}}, {'uri': 'http://en.wikipedia.org/wiki/Moscow', 'type': 'loc', 'score': 1, 'label': {'eng': 'Moscow'}, 'location': {'type': 'place', 'label': {'eng': 'Moscow'}, 'country': {'type': 'country', 'label': {'eng': 'Russia'}}}}]","[{'uri': 'dmoz/Society/Issues/Warfare_and_Conflict', 'label': 'dmoz/Society/Issues/Warfare and Conflict', 'wgt': 100}, {'uri': 'dmoz/Recreation/Outdoors/Urban_Exploration', 'label': 'dmoz/Recreation/Outdoors/Urban Exploration', 'wgt': 100}, {'uri': 'dmoz/Home/Emergency_Preparation/Safety', 'label': 'dmoz/Home/Emergency Preparation/Safety', 'wgt': 100}, {'uri': 'news/Politics', 'label': 'news/Politics', 'wgt': 79}]",['https://t.me/TheStraitsTimes'],[],https://cassette.sphdigital.com.sg/image/straitstimes/afc2aa591d9fc926db88620a505b1442770779f75076f40bb23fa14c32011c0a,,eng-10637525,eng-10637525,"{'type': 'country', 'label': {'eng': 'Russia'}}","[{'amb': False, 'imp': True, 'date': '2025-05-24', 'textStart': 55, 'textEnd': 61}, {'amb': False, 'imp': True, 'date': '2025-05-23', 'textStart': 1403, 'textEnd': 1409}]",{},-0.2156862745098039,0,26,geopolitics,security
8692521191,eng,False,2025-05-24,03:35:07,2025-05-24T03:35:07Z,2025-05-24T02:50:00Z,news,0.6823529601097107,https://www.straitstimes.com/asia/east-asia/supermarkets-offering-foreign-grown-rice-as-japan-faces-record-prices,Supermarkets offering foreign-grown rice as Japan faces record prices,"TOKYO - Japan's supermarket operators have been strengthening sales of cheaper, foreign-grown rice, offering another choice to consumers hit by rising prices and concerns about shortages of the country's staple food.

Aeon will start selling California-sourced rice on June 6 at its stores, mainly in urban areas, at 2,894 yen (S$26) for 4kg.

Converted to the more common Japanese sales unit of 5kg, it is 3,618 yen, some 15 per cent cheaper than the average price calculated by the farm ministry of Japanese-grown rice at supermarkets nationwide in early May.

The company already launched a blend of US and domestically-grown rice in April. Rival food retailers Ito-Yokado and Seiyu have also sold rice from California and Taiwan, respectively, and seen solid demand.

Aeon said the decision to sell California's Calrose rice reflects consumer interest, saying they can no longer purchase rice as before due to higher prices.

""The price (of the new product) is affordable. By offering customers the freedom of choice, we hope that overall rice consumption will increase,"" Aeon Executive Vice-President Mitsuko Tsuchiya said at a recent press conference.

Japan imports rice either through the government, which is obliged to purchase a certain amount from other countries under World Trade Organisation arrangements, or private companies, which pay a tariff to the government.

Aeon plans to acquire the rice via private import and sell some 14,000 tons over a three-month period.

Less sticky and with a more neutral taste than Japanese rice, the medium Calrose variety grown in California is suited for use in risottos, pilaf, stews and soup, Aeon said.

US Ambassador to Japan George Glass called the sale of the US-grown rice by Aeon ""historic"" for American farmers, given Japan is a ""country that takes its rice very seriously, and it's probably the most discerning consumer when it comes to food quality"".

""Aeon has certainly gone big in its commitment to American rice and American farmers, and at a time when food prices are a concern for all Japanese, this launch couldn't come at a better time for consumers,"" Mr Glass said. KYODO NEWS","{'uri': 'straitstimes.com', 'dataType': 'news', 'title': 'The Straits Times'}",[],"[{'uri': 'http://en.wikipedia.org/wiki/Rice', 'type': 'wiki', 'score': 5, 'label': {'eng': 'Rice'}}, {'uri': 'http://en.wikipedia.org/wiki/Japan', 'type': 'loc', 'score': 5, 'label': {'eng': 'Japan'}, 'location': {'type': 'country', 'label': {'eng': 'Japan'}}}, {'uri': 'http://en.wikipedia.org/wiki/Japanese_yen', 'type': 'wiki', 'score': 4, 'label': {'eng': 'Japanese yen'}}, {'uri': 'http://en.wikipedia.org/wiki/Supermarket', 'type': 'wiki', 'score': 4, 'label': {'eng': 'Supermarket'}}, {'uri': 'http://en.wikipedia.org/wiki/California', 'type': 'loc', 'score': 4, 'label': {'eng': 'California'}, 'location': {'type': 'place', 'label': {'eng': 'California'}, 'country': {'type': 'country', 'label': {'eng': 'United States'}}}}, {'uri': 'http://en.wikipedia.org/wiki/Singapore_dollar', 'type': 'wiki', 'score': 3, 'label': {'eng': 'Singapore dollar'}}, {'uri': 'http://en.wikipedia.org/wiki/Urban_area', 'type': 'wiki', 'score': 3, 'label': {'eng': 'Urban area'}}, {'uri': 'http://en.wikipedia.org/wiki/Staple_food', 'type': 'wiki', 'score': 3, 'label': {'eng': 'Staple food'}}, {'uri': 'http://en.wikipedia.org/wiki/Tokyo', 'type': 'loc', 'score': 3, 'label': {'eng': 'Tokyo'}, 'location': {'type': 'place', 'label': {'eng': 'Tokyo'}, 'country': {'type': 'country', 'label': {'eng': 'Japan'}}}}, {'uri': 'http://en.wikipedia.org/wiki/Calrose_rice', 'type': 'wiki', 'score': 2, 'label': {'eng': 'Calrose rice'}}, {'uri': 'http://en.wikipedia.org/wiki/Ito-Yokado', 'type': 'org', 'score': 2, 'label': {'eng': 'Ito-Yokado'}}, {'uri': 'http://en.wikipedia.org/wiki/Vice_President_of_the_United_States', 'type': 'wiki', 'score': 2, 'label': {'eng': 'Vice President of the United States'}}, {'uri': 'http://en.wikipedia.org/wiki/Taiwan', 'type': 'loc', 'score': 2, 'label': {'eng': 'Taiwan'}, 'location': {'type': 'country', 'label': {'eng': 'Taiwan'}}}, {'uri': 'http://en.wikipedia.org/wiki/Food_prices', 'type': 'wiki', 'score': 1, 'label': {'eng': 'Food prices'}}, {'uri': 'http://en.wikipedia.org/wiki/Japanese_rice', 'type': 'wiki', 'score': 1, 'label': {'eng': 'Japanese rice'}}, {'uri': 'http://en.wikipedia.org/wiki/Risotto', 'type': 'wiki', 'score': 1, 'label': {'eng': 'Risotto'}}, {'uri': 'http://en.wikipedia.org/wiki/Pilaf', 'type': 'wiki', 'score': 1, 'label': {'eng': 'Pilaf'}}, {'uri': 'http://en.wikipedia.org/wiki/Kyodo_News', 'type': 'org', 'score': 1, 'label': {'eng': 'Kyodo News'}}, {'uri': 'http://en.wikipedia.org/wiki/Stew', 'type': 'wiki', 'score': 1, 'label': {'eng': 'Stew'}}, {'uri': 'http://en.wikipedia.org/wiki/Soup', 'type': 'wiki', 'score': 1, 'label': {'eng': 'Soup'}}, {'uri': 'http://en.wikipedia.org/wiki/Tariff', 'type': 'wiki', 'score': 1, 'label': {'eng': 'Tariff'}}, {'uri': 'http://en.wikipedia.org/wiki/World_Trade_Organization', 'type': 'wiki', 'score': 1, 'label': {'eng': 'World Trade Organization'}}, {'uri': 'http://en.wikipedia.org/wiki/Tonne', 'type': 'wiki', 'score': 1, 'label': {'eng': 'Tonne'}}, {'uri': 'http://en.wikipedia.org/wiki/United_States', 'type': 'loc', 'score': 1, 'label': {'eng': 'United States'}, 'location': {'type': 'country', 'label': {'eng': 'United States'}}}]","[{'uri': 'dmoz/Business/Food_and_Related_Products', 'label': 'dmoz/Business/Food and Related Products', 'wgt': 100}, {'uri': 'dmoz/Business/Food_and_Related_Products/Import_and_Export', 'label': 'dmoz/Business/Food and Related Products/Import and Export', 'wgt': 100}, {'uri': 'dmoz/Business/Food_and_Related_Products/Wholesale_and_Distribution', 'label': 'dmoz/Business/Food and Related Products/Wholesale and Distribution', 'wgt': 100}, {'uri': 'dmoz/Shopping/Food/Health_Food', 'label': 'dmoz/Shopping/Food/Health Food', 'wgt': 100}, {'uri': 'news/Business', 'label': 'news/Business', 'wgt': 97}]","['https://www.straitstimes.com/asia/east-asia/why-rice-prices-are-soaring-in-japan', 'https://t.me/TheStraitsTimes']",[],https://cassette.sphdigital.com.sg/image/straitstimes/d998bc0eecaaf8b113930192457df8f904c69f1c75cf1b3b73937cb3f6e1c2bb,,eng-10634412,eng-10634412,"{'type': 'country', 'label': {'eng': 'Japan'}}","[{'amb': False, 'imp': True, 'date': '2025-06-06', 'textStart': 269, 'textEnd': 275}]",{},0.2078431372549019,0,26,geopolitics,security
8692530656,eng,False,2025-05-24,03:52:31,2025-05-24T03:52:31Z,2025-05-24T03:10:00Z,news,0.7450980544090271,https://www.straitstimes.com/world/middle-east/un-chief-says-gaza-war-in-cruelest-phase-as-aid-trucks-looted,UN chief says Gaza war in 'cruellest phase' as aid trucks looted,"GAZA CITY - The United Nations chief said on May 23 that Palestinians were enduring ""the cruellest phase"" of the war in Gaza, where more than a dozen food trucks were looted following the partial easing of a lengthy Israeli blockade.

Aid was just beginning to trickle back into the war-torn territory after Israel announced it would allow limited shipments to resume as it pressed a newly expanded offensive aimed at destroying Hamas.

Gaza civil defence agency official Mohammed al-Mughayyir told AFP at least 71 people were killed, while ""dozens of injuries, and a large number of missing persons under the rubble have been reported as a result of Israeli air strikes"" on May 23.

UN chief Antonio Guterres said ""Palestinians in Gaza are enduring what may be the cruellest phase of this cruel conflict"", adding that Israel ""must agree to allow and facilitate"" humanitarian deliveries.

He pointed to snags, however, noting that of the nearly 400 trucks cleared to enter Gaza in recent days, only 115 were able to be collected.

""In any case, all the aid authorised until now amounts to a teaspoon of aid when a flood of assistance is required,"" he added in a statement.

""Meanwhile, the Israeli military offensive is intensifying with atrocious levels of death and destruction,"" he said.

The World Food Programme said on May 23 that 15 of its ""trucks were looted late last night in southern Gaza, while en route to WFP-supported bakeries"".

""Hunger, desperation, and anxiety over whether more food aid is coming is contributing to rising insecurity,"" the UN body said in a statement, calling on Israeli authorities ""to get far greater volumes of food assistance into Gaza faster"".

Aid shipments to the Gaza Strip restarted on May 19 for the first time since March 2, amid mounting condemnation of the Israeli blockade, which has resulted in severe shortages of food and medicine.

""I appeal to people of conscience to send us fresh water and food,"" said Mr Sobhi Ghattas, a displaced Palestinian sheltering at the port in Gaza City.

""My daughter has been asking for bread since this morning, and we have none to give her.""

Cogat, the Israeli defence ministry body that oversees civilian affairs in the Palestinian territories, said that 107 humanitarian aid trucks entered Gaza on May 22.

But Mr Philippe Lazzarini, head of the UN agency for Palestinian refugees, UNRWA, said on May 23 that the UN brought in 500 to 600 per day on average during a six-week ceasefire that broke down in March.

""No one should be surprised, let alone shocked, at scenes of precious aid looted, stolen or 'lost',"" he said on X, adding that ""the people of Gaza have been starved"" for more than 11 weeks.

The Israeli military said that over the past day, its forces had attacked ""military compounds, weapons storage facilities and sniper posts"" in Gaza.

""In addition, the (air force) struck over 75 terror targets throughout the Gaza Strip,"" it added.

The military said on May 23 afternoon that air raid sirens were activated in communities near Gaza, later reporting that ""a projectile that crossed into Israeli territory from the Gaza Strip was intercepted"" by the air force.

In Gaza's north, Al-Awda hospital reported on May 23 that three of its staff were injured ""after Israeli quadcopter drones dropped bombs"" on the facility.

The civil defence agency later said it had successfully contained a fire at the hospital.

An AFP journalist saw large plumes of smoke billowing above destroyed buildings in southern Gaza after Israeli bombardments.

""Have mercy on us,"" said a distraught Mr Youssef al-Najjar, whose relatives were killed in an air strike in the main southern city of Khan Yunis.

""We are exhausted from the displacement and the hunger - enough!""

Israel resumed operations in Gaza on March 18, ending the ceasefire that began on Jan 19.

On May 23, Gaza's health ministry said at least 3,673 people had been killed in the territory since then, taking the war's overall toll to 53,822, mostly civilians.

Hamas' October 2023 attack that triggered the war resulted in the deaths of 1,218 people in Israel, mostly civilians, according to an AFP tally based on official figures.

Militants also took 251 hostages, 57 of whom remain in Gaza including 34 the Israeli military says are dead. AFP","{'uri': 'straitstimes.com', 'dataType': 'news', 'title': 'The Straits Times'}",[],"[{'uri': 'http://en.wikipedia.org/wiki/Palestinians', 'type': 'wiki', 'score': 5, 'label': {'eng': 'Palestinians'}}, {'uri': 'http://en.wikipedia.org/wiki/United_Nations', 'type': 'org', 'score': 5, 'label': {'eng': 'United Nations'}}, {'uri': 'http://en.wikipedia.org/wiki/Gaza_Strip', 'type': 'loc', 'score': 5, 'label': {'eng': 'Gaza Strip'}, 'location': {'type': 'place', 'label': {'eng': 'Gaza Strip'}, 'country': {'type': 'country', 'label': {'eng': 'Palestine'}}}}, {'uri': 'http://en.wikipedia.org/wiki/Israel', 'type': 'loc', 'score': 5, 'label': {'eng': 'Israel'}, 'location': {'type': 'country', 'label': {'eng': 'Israel'}}}, {'uri': 'http://en.wikipedia.org/wiki/Blockade_of_the_Gaza_Strip', 'type': 'wiki', 'score': 4, 'label': {'eng': 'Blockade of the Gaza Strip'}}, {'uri': 'http://en.wikipedia.org/wiki/Gaza_City', 'type': 'loc', 'score': 4, 'label': {'eng': 'Gaza City'}, 'location': {'type': 'place', 'label': {'eng': 'Gaza City'}, 'country': {'type': 'country', 'label': {'eng': 'Palestine'}}}}, {'uri': 'http://en.wikipedia.org/wiki/2014_Gaza_War', 'type': 'wiki', 'score': 3, 'label': {'eng': '2014 Gaza War'}}, {'uri': 'http://en.wikipedia.org/wiki/António_Guterres', 'type': 'person', 'score': 3, 'label': {'eng': 'António Guterres'}}, {'uri': 'http://en.wikipedia.org/wiki/Israel_Defense_Forces', 'type': 'wiki', 'score': 3, 'label': {'eng': 'Israel Defense Forces'}}, {'uri': 'http://en.wikipedia.org/wiki/Humanitarian_aid', 'type': 'wiki', 'score': 3, 'label': {'eng': 'Humanitarian aid'}}, {'uri': 'http://en.wikipedia.org/wiki/Airstrike', 'type': 'wiki', 'score': 3, 'label': {'eng': 'Airstrike'}}, {'uri': 'http://en.wikipedia.org/wiki/Civil_defense', 'type': 'wiki', 'score': 3, 'label': {'eng': 'Civil defense'}}, {'uri': 'http://en.wikipedia.org/wiki/Philippe_Lazzarini', 'type': 'person', 'score': 2, 'label': {'eng': 'Philippe Lazzarini'}}, {'uri': 'http://en.wikipedia.org/wiki/Palestinian_refugees', 'type': 'wiki', 'score': 2, 'label': {'eng': 'Palestinian refugees'}}, {'uri': 'http://en.wikipedia.org/wiki/UNRWA', 'type': 'wiki', 'score': 2, 'label': {'eng': 'UNRWA'}}, {'uri': 'http://en.wikipedia.org/wiki/United_Nations_System', 'type': 'wiki', 'score': 2, 'label': {'eng': 'United Nations System'}}, {'uri': 'http://en.wikipedia.org/wiki/Aid', 'type': 'wiki', 'score': 2, 'label': {'eng': 'Aid'}}, {'uri': 'http://en.wikipedia.org/wiki/Hamas', 'type': 'org', 'score': 2, 'label': {'eng': 'Hamas'}}, {'uri': 'http://en.wikipedia.org/wiki/Internally_displaced_person', 'type': 'wiki', 'score': 2, 'label': {'eng': 'Internally displaced person'}}, {'uri': 'http://en.wikipedia.org/wiki/Air_force', 'type': 'wiki', 'score': 2, 'label': {'eng': 'Air force'}}, {'uri': 'http://en.wikipedia.org/wiki/World_Food_Programme', 'type': 'org', 'score': 2, 'label': {'eng': 'World Food Programme'}}, {'uri': 'http://en.wikipedia.org/wiki/Port', 'type': 'wiki', 'score': 2, 'label': {'eng': 'Port'}}, {'uri': 'http://en.wikipedia.org/wiki/Palestinian_territories', 'type': 'loc', 'score': 2, 'label': {'eng': 'Palestinian territories'}, 'location': None}, {'uri': 'http://en.wikipedia.org/wiki/Medicine', 'type': 'wiki', 'score': 2, 'label': {'eng': 'Medicine'}}, {'uri': 'http://en.wikipedia.org/wiki/Palestinian_right_of_return', 'type': 'wiki', 'score': 1, 'label': {'eng': 'Palestinian right of return'}}, {'uri': 'http://en.wikipedia.org/wiki/Civil_defense_siren', 'type': 'wiki', 'score': 1, 'label': {'eng': 'Civil defense siren'}}, {'uri': 'http://en.wikipedia.org/wiki/Ceasefire', 'type': 'wiki', 'score': 1, 'label': {'eng': 'Ceasefire'}}, {'uri': 'http://en.wikipedia.org/wiki/Quadcopter', 'type': 'wiki', 'score': 1, 'label': {'eng': 'Quadcopter'}}, {'uri': 'http://en.wikipedia.org/wiki/Sniper', 'type': 'wiki', 'score': 1, 'label': {'eng': 'Sniper'}}, {'uri': 'http://en.wikipedia.org/wiki/Khan_Yunis', 'type': 'loc', 'score': 1, 'label': {'eng': 'Khan Yunis'}, 'location': {'type': 'place', 'label': {'eng': 'Khan Yunis'}, 'country': {'type': 'country', 'label': {'eng': 'Palestine'}}}}]","[{'uri': 'dmoz/Society/Issues/Terrorism', 'label': 'dmoz/Society/Issues/Terrorism', 'wgt': 100}, {'uri': 'dmoz/Society/Issues/Warfare_and_Conflict', 'label': 'dmoz/Society/Issues/Warfare and Conflict', 'wgt': 100}, {'uri': 'dmoz/Society/Politics/Nationalism', 'label': 'dmoz/Society/Politics/Nationalism', 'wgt': 100}, {'uri': 'news/Politics', 'label': 'news/Politics', 'wgt': 87}]","['https://www.straitstimes.com/world/middle-east/israel-has-only-authorised-a-teaspoon-of-aid-for-gaza-un-chief-says', 'https://t.me/TheStraitsTimes']",[],https://cassette.sphdigital.com.sg/image/straitstimes/badbe971646a807587ffbc770d307184109c9d2210892004d1fa6b08b825dd78,,eng-10633822,eng-10633822,"{'type': 'place', 'label': {'eng': 'Gaza City'}, 'country': {'type': 'country', 'label': {'eng': 'Palestine'}}}","[{'amb': False, 'imp': True, 'date': '2025-05-23', 'textStart': 45, 'textEnd': 51, 'freq': 7}, {'amb': False, 'imp': True, 'date': '2025-05-19', 'textStart': 1731, 'textEnd': 1737}, {'amb': False, 'date': '-03-02', 'textStart': 1763, 'textEnd': 1770}, {'amb': False, 'imp': True, 'date': '2025-05-22', 'textStart': 2288, 'textEnd': 2294}, {'amb': False, 'date': '-03-18', 'textStart': 3793, 'textEnd': 3801}, {'amb': False, 'date': '-01-19', 'textStart': 3838, 'textEnd': 3844}]",{},-0.4588235294117647,0,26,geopolitics,security
